도시,장소명,영문명,장소ID,사진파일,현재 외부 대체사진
다낭,다낭 국제공항,Da Nang International Airport,airport,photos/da_nang/airport.jpg,없음
다낭,뉴 오리엔트 호텔,New Orient Hotel Da Nang,hotel,photos/da_nang/hotel.jpg,없음
다낭,다낭역,Ga Đà Nẵng,station,photos/da_nang/station.jpg,없음
다낭,다낭박물관,Da Nang Museum,museum,photos/da_nang/museum.jpg,없음
다낭,꼰시장,Chợ Cồn,con,photos/da_nang/con.jpg,없음
다낭,AEON MALL,AEON MALL Da Nang Thanh Khe,aeon,photos/da_nang/aeon.jpg,없음
다낭,선짜 야시장,Sơn Trà Night Market,night,photos/da_nang/night.jpg,없음
다낭,미카즈키 워터파크,Mikazuki Water Park 365,mikazuki,photos/da_nang/mikazuki.jpg,없음
다낭,Vincom Plaza,Vincom Plaza Ngô Quyền,vincom,photos/da_nang/vincom.jpg,없음
다낭,GO! Da Nang,GO! Da Nang,go,photos/da_nang/go.jpg,없음
다낭,참조각박물관,Museum of Cham Sculpture,cham,photos/da_nang/cham.jpg,있음
다낭,용다리,Dragon Bridge,dragon,photos/da_nang/dragon.jpg,있음
다낭,Xóm Mới Garden,Xóm Mới Garden Đà Nẵng,xom,photos/da_nang/xom.jpg,없음
다낭,Mỳ Quảng Cô Sáu,Mỳ Quảng Cô Sáu,miquang,photos/da_nang/miquang.jpg,없음
다낭,Bánh Xèo Bà Dưỡng,Bánh Xèo Bà Dưỡng,banhxeo,photos/da_nang/banhxeo.jpg,없음
다낭,MỘC Quán Seafood,MỘC Quán Seafood,moc,photos/da_nang/moc.jpg,없음
꾸이년,Diêu Trì Railway Station,Ga Diêu Trì,dieutri,photos/quy_nhon/dieutri.jpg,없음
꾸이년,Sala Quy Nhon Beach Hotel,Sala Quy Nhon Beach Hotel,hotel,photos/quy_nhon/hotel.jpg,없음
꾸이년,Eo Gió,Eo Gió,eogio,photos/quy_nhon/eogio.jpg,있음
꾸이년,Kỳ Co Beach,Kỳ Co Beach,kyco,photos/quy_nhon/kyco.jpg,있음
꾸이년,ExploraScience Quy Nhon,ExploraScience Quy Nhon,explora,photos/quy_nhon/explora.jpg,없음
꾸이년,Ghềnh Ráng,Khu du lịch Ghềnh Ráng,ghenhrang,photos/quy_nhon/ghenhrang.jpg,없음
꾸이년,Tháp Đôi,Tháp Đôi Quy Nhơn,thapdoi,photos/quy_nhon/thapdoi.jpg,없음
꾸이년,Bánh Ít Cham Towers,Bánh Ít Cham Towers / Yang M'Tian,banhit,photos/quy_nhon/banhit.jpg,있음
꾸이년,Hòn Khô,Hòn Khô Island,honko,photos/quy_nhon/honko.jpg,없음
꾸이년,Phương Mai Sand Dunes,Đồi Cát Phương Mai,phuongmai,photos/quy_nhon/phuongmai.jpg,없음
꾸이년,Bãi Xép Quy Nhơn,Bãi Xép Quy Nhơn,baixep,photos/quy_nhon/baixep.jpg,없음
꾸이년,Gành Đá Đĩa,Gành Đá Đĩa / Sea Cliff of Stone Plates,ganhdadia,photos/quy_nhon/ganhdadia.jpg,없음
꾸이년,Ô Loan Lagoon,Ô Loan Lagoon,oloan,photos/quy_nhon/oloan.jpg,없음
꾸이년,Gia Vy 2,Gia Vy 2 Restaurant,giavy,photos/quy_nhon/giavy.jpg,없음
꾸이년,Phượng Tèo,Quán bún chả cá Phượng Tèo,phuongteo,photos/quy_nhon/phuongteo.jpg,없음
꾸이년,Nhà Hàng Cá Khói,Nhà Hàng Cá Khói,cakhoi,photos/quy_nhon/cakhoi.jpg,없음
꾸이년,Mr Mộc,Cơm Ngon Quy Nhơn Mr Mộc,mrmoc,photos/quy_nhon/mrmoc.jpg,없음
꾸이년,Ngô Văn Sở Food Street,Ngô Văn Sở Food Street,foodstreet,photos/quy_nhon/foodstreet.jpg,없음
꾸이년,Surf Bar 1,Surf Bar Quy Nhon,surf,photos/quy_nhon/surf.jpg,없음
꾸이년,KATINAT Quy Nhơn,KATINAT Coffee & Tea House Quy Nhơn,katinat,photos/quy_nhon/katinat.jpg,없음
꾸이년,ADIUVAT Coffee Roasters,ADIUVAT COFFEE ROASTERS QUINHON,adiuvat,photos/quy_nhon/adiuvat.jpg,없음
꾸이년,Tree Hugger,"tree hugger (crafts, café & stay)",treehugger,photos/quy_nhon/treehugger.jpg,없음
꾸이년,Hương Vi Spa & Clinic,Hương Vi Spa & Clinic,huongvi,photos/quy_nhon/huongvi.jpg,없음
꾸이년,Hy-Halona Wellness,Hy-Halona Wellness,hyhalona,photos/quy_nhon/hyhalona.jpg,없음
꾸이년,Chạm Massage & Spa,Cham Massage & Spa,chamspa,photos/quy_nhon/chamspa.jpg,없음
꾸이년,ZENN Wellness,ZENN WELLNESS QUY NHƠN,zenn,photos/quy_nhon/zenn.jpg,없음
꾸이년,Co.opmart Quy Nhơn,Co.opmart Quy Nhơn,coop,photos/quy_nhon/coop.jpg,없음
꾸이년,Chợ Khu 2 / Market 2,Chợ Khu 2 / Market 2,market2,photos/quy_nhon/market2.jpg,없음
꾸이년,Chợ Đầm,Chợ Đầm Quy Nhơn,chodam,photos/quy_nhon/chodam.jpg,없음
꾸이년,MM Mega Market,MM Mega Market Quy Nhơn,mmmega,photos/quy_nhon/mmmega.jpg,없음
꾸이년,Gold Laundry,Gold Laundry Quy Nhon,gold,photos/quy_nhon/gold.jpg,없음
꾸이년,APEC Mandala Phú Yên,APEC Mandala Phú Yên / Tuy Hòa,apec,photos/quy_nhon/apec.jpg,없음
뚜이호아,APEC Mandala Phú Yên,APEC Mandala Phú Yên / Tuy Hòa,apec,photos/tuy_hoa/apec.jpg,없음
뚜이호아,Rosa Alba Resort & Villas,Rosa Alba Resort & Villas Tuy Hoa,rosa,photos/tuy_hoa/rosa.jpg,없음
뚜이호아,Nghinh Phong Tower,Tháp Nghinh Phong,nghinhphong,photos/tuy_hoa/nghinhphong.jpg,없음
뚜이호아,Nhạn Tower,Tháp Nhạn / Nhan Tower,thapnhan,photos/tuy_hoa/thapnhan.jpg,있음
뚜이호아,Gành Đá Đĩa,Gành Đá Đĩa / Sea Cliff of Stone Plates,ganhdadia,photos/tuy_hoa/ganhdadia.jpg,있음
뚜이호아,Ô Loan Lagoon,Ô Loan Lagoon,oloan,photos/tuy_hoa/oloan.jpg,없음
뚜이호아,Mũi Điện · Bãi Môn,Mui Dien Cape Lighthouse / Bai Mon,muidien,photos/tuy_hoa/muidien.jpg,없음
뚜이호아,Vũng Rô Bay,Vũng Rô Bay,vungro,photos/tuy_hoa/vungro.jpg,있음
뚜이호아,Tuy Hòa Beach,Bãi biển Tuy Hòa,tuyhoabeach,photos/tuy_hoa/tuyhoabeach.jpg,없음
뚜이호아,Vincom Plaza Tuy Hòa,Vincom Plaza Tuy Hòa,vincom,photos/tuy_hoa/vincom.jpg,없음
뚜이호아,Co.opmart Tuy Hòa,Co.opmart Tuy Hoa Supermarket,coopmarttuyhoa,photos/tuy_hoa/coopmarttuyhoa.jpg,없음
뚜이호아,Tuy Hòa Market / Chợ Tuy Hòa,Chợ Tuy Hòa / Tuy Hoa Market,tuyhoamarket,photos/tuy_hoa/tuyhoamarket.jpg,없음
뚜이호아,WinMart Tuy Hòa,Siêu thị WinMart Tuy Hòa,winmarttuyhoa,photos/tuy_hoa/winmarttuyhoa.jpg,없음
뚜이호아,Bánh Canh Hẹ Thảo Vy,Bánh canh hẹ Thảo Vy / Phú Yên chive fish-cake noodle,thaovy,photos/tuy_hoa/thaovy.jpg,없음
뚜이호아,Bánh Canh Hẹ Thành Tâm,Bánh canh hẹ Thành Tâm,thanhtam,photos/tuy_hoa/thanhtam.jpg,없음
뚜이호아,Quán Cô Ba Diệp,Cô Ba Diệp · Mắt cá ngừ đại dương / Lẩu gà lá é / Hải sản,cobadiep,photos/tuy_hoa/cobadiep.jpg,없음
뚜이호아,Cơm Gà Tuyết Nhung,Tuyết Nhung Chicken Rice / Cơm gà Phú Yên,tuyetnhung,photos/tuy_hoa/tuyetnhung.jpg,없음
뚜이호아,Ô Loan Seafood Lunch Zone,Ô Loan lagoon seafood lunch area,oloanseafood,photos/tuy_hoa/oloanseafood.jpg,없음
뚜이호아,Hiệp Yến Coffee & Restaurant,Hiệp Yến Cafe & Điểm Tâm,hiepyen,photos/tuy_hoa/hiepyen.jpg,없음
뚜이호아,SANDY VIBES Coffee and Tea,SANDY VIBES Coffee and Tea Tuy Hòa,sandyvibes,photos/tuy_hoa/sandyvibes.jpg,없음
뚜이호아,URA BEACH Camping & Coffee,URA BEACH Camping & Coffee,urabeach,photos/tuy_hoa/urabeach.jpg,없음
뚜이호아,PHD Book & Coffee,PHD Book & Coffee / PHD Photo & Coffee,phdcoffee,photos/tuy_hoa/phdcoffee.jpg,없음
뚜이호아,Giặt Ủi Tuy Hòa Laundry,Tuy Hòa Laundry Service,giatuituyhoa,photos/tuy_hoa/giatuituyhoa.jpg,없음
뚜이호아,Giặt Sấy Phú Yên,Giặt Sấy Phú Yên Laundry,giatsayphuyen,photos/tuy_hoa/giatsayphuyen.jpg,없음
뚜이호아,Roseli Spa · Rosa Alba Resort,Roseli Spa at Rosa Alba Resort & Villas,roselispa,photos/tuy_hoa/roselispa.jpg,없음
뚜이호아,APEC Spa Tuy Hoà,APEC Spa Tuy Hoà - Dưỡng Sinh Trị Liệu,apecspa,photos/tuy_hoa/apecspa.jpg,없음
뚜이호아,An Spa,An Spa Tuy Hoa,anspa,photos/tuy_hoa/anspa.jpg,없음
뚜이호아,Lumiere Wellness · TUI BLUE Tuy Hoa,Lumiere Wellness & Healing Club at TUI BLUE Tuy Hoa,tuibluewellness,photos/tuy_hoa/tuibluewellness.jpg,없음
나트랑,Tuy Hòa → Nha Trang 이동,Private van route from Tuy Hòa to Nha Trang,tuyhoaroute,photos/nha_trang/tuyhoaroute.jpg,없음
나트랑,The Costa Nha Trang Residences,The Costa Nha Trang Hotel & Residences,costa,photos/nha_trang/costa.jpg,없음
나트랑,Cam Ranh International Airport,CXR / Cam Ranh International Airport,camranh,photos/nha_trang/camranh.jpg,없음
나트랑,I-Resort Nha Trang,Suối Khoáng Nóng I-Resort Nha Trang,iresort,photos/nha_trang/iresort.jpg,없음
나트랑,VinWonders Nha Trang,VinWonders Nha Trang / Hon Tre Island,vinwonders,photos/nha_trang/vinwonders.jpg,없음
나트랑,Nha Trang Beach,Bãi biển Nha Trang / Trần Phú Beachfront,nhatrangbeach,photos/nha_trang/nhatrangbeach.jpg,있음
나트랑,Po Nagar Cham Towers,Tháp Bà Ponagar,ponagar,photos/nha_trang/ponagar.jpg,있음
나트랑,Institute of Oceanography,Viện Hải Dương Học Nha Trang,oceanography,photos/nha_trang/oceanography.jpg,없음
나트랑,Long Sơn Pagoda,Chùa Long Sơn,longson,photos/nha_trang/longson.jpg,있음
나트랑,Hòn Chồng Promontory,Hòn Chồng / Hon Chong Rocks,honchong,photos/nha_trang/honchong.jpg,있음
나트랑,Lotte Mart Nha Trang Gold Coast,Lotte Mart Nha Trang Gold Coast / Gold Coast Mall,lottegoldcoast,photos/nha_trang/lottegoldcoast.jpg,없음
나트랑,Đầm Market,Chợ Đầm Nha Trang,dammarket,photos/nha_trang/dammarket.jpg,있음
나트랑,Nha Trang Center,Nha Trang Center Shopping Mall,nhatrangcenter,photos/nha_trang/nhatrangcenter.jpg,없음
나트랑,WinMart Trần Phú,WinMart / Vincom Plaza Trần Phú,winmarttranphu,photos/nha_trang/winmarttranphu.jpg,없음
나트랑,Nem Nướng Đặng Văn Quyên,Nem Nuong Dang Van Quyen,nemdangvanquyen,photos/nha_trang/nemdangvanquyen.jpg,없음
나트랑,Bún Cá Nha Trang 79 · Quán Tuyết Hà,Bun Ca Nha Trang 79 / Quan Tuyet Ha,buncatuyetha,photos/nha_trang/buncatuyetha.jpg,없음
나트랑,Nemo Nha Trang Delicacies,Nemo Nha Trang Delicacies,nemonhatrang,photos/nha_trang/nemonhatrang.jpg,없음
나트랑,Mộc Quán Seafood Nha Trang,Moc Quan Seafood Nha Trang,mocseafood,photos/nha_trang/mocseafood.jpg,없음
나트랑,Nom Nom Nha Trang,Nom Nom Nha Trang,nomnom,photos/nha_trang/nomnom.jpg,없음
나트랑,Phê La - Trần Phú,Phe La Nha Trang,phela,photos/nha_trang/phela.jpg,없음
나트랑,The Coffee House AB Tower,The Coffee House AB Central Square / AB Tower,coffeehouseab,photos/nha_trang/coffeehouseab.jpg,없음
나트랑,Cà phê Hòn Chồng View,Hon Chong View Coffee,honchongviewcafe,photos/nha_trang/honchongviewcafe.jpg,없음
나트랑,Mê Trang Cafe - Trần Phú,Me Trang Cafe Tran Phu,metrangtranphu,photos/nha_trang/metrangtranphu.jpg,없음
나트랑,2H Laundry Nha Trang,2H Laundry Nha Trang,laundry2h,photos/nha_trang/laundry2h.jpg,없음
나트랑,Wash & Go Nha Trang,Wash & Go Nha Trang / Wash & Clean branch,washgo,photos/nha_trang/washgo.jpg,없음
나트랑,Coconut Massage,Coconut Massage Nha Trang,coconutmassage,photos/nha_trang/coconutmassage.jpg,없음
나트랑,Shine Spa for Sheraton,Shine Spa for Sheraton Nha Trang,shinespasheraton,photos/nha_trang/shinespasheraton.jpg,없음
나트랑,Well Spa,Well Spa Nha Trang,wellspa,photos/nha_trang/wellspa.jpg,없음
나트랑,Spa on The Beach,Spa on The Beach Nha Trang,spaonthebeach,photos/nha_trang/spaonthebeach.jpg,없음
